{"cameraMode":{"drawMode":0,"name":"Shaded","section":"Shading Mode"},"sceneLighting":false,"audioPlay":false,"sceneViewState":{"m_AlwaysRefresh":false,"showFog":true,"showSkybox":false,"showFlares":true,"showImageEffects":true,"showParticleSystems":true,"showVisualEffectGraphs":true,"m_FxEnabled":true},"in2DMode":false,"pivot":{"x":12.275649070739746,"y":0.47984257340431216,"z":-0.9915481805801392},"rotation":{"x":0.09553689509630203,"y":0.11322204023599625,"z":-0.010939527302980423,"w":0.9889084696769714},"size":3.13161039352417,"orthographic":false}